"cod_elettorale","cod_istat","cod_catastale","desc_comune","cod_comune","desc_provincia","cod_provincia","desc_regione","cod_regione","ele_f","ele_m","ele_t","vot_f","vot_m","vot_t","perc","perc_r","data","ora","comunicazione"
130230580,"069058","G141","Ortona","0580","Chieti","023","Abruzzo","13",11310,10687,21997,0,0,3409,15.5,17.94,"2025-05-25","12:00",1
130230580,"069058","G141","Ortona","0580","Chieti","023","Abruzzo","13",11310,10687,21997,0,0,8445,38.39,41.27,"2025-05-25","19:00",2
130230580,"069058","G141","Ortona","0580","Chieti","023","Abruzzo","13",11310,10687,21997,0,0,10640,48.37,58.29,"2025-05-25","23:00",3
130230580,"069058","G141","Ortona","0580","Chieti","023","Abruzzo","13",11310,10687,21997,6943,6445,13388,60.86,58.29,"2025-05-26","15:00",4
130380110,"066011","A884","Bisegna","0110","L'aquila","038","Abruzzo","13",167,185,352,0,0,66,18.75,13.37,"2025-05-25","12:00",1
130380110,"066011","A884","Bisegna","0110","L'aquila","038","Abruzzo","13",167,185,352,0,0,134,38.07,35.38,"2025-05-25","19:00",2
130380110,"066011","A884","Bisegna","0110","L'aquila","038","Abruzzo","13",167,185,352,0,0,150,42.61,37.33,"2025-05-25","23:00",3
130380110,"066011","A884","Bisegna","0110","L'aquila","038","Abruzzo","13",167,185,352,86,85,171,48.58,44.01,"2025-05-26","15:00",4
130380250,"066025","B842","Carsoli","0250","L'aquila","038","Abruzzo","13",2201,2154,4355,0,0,799,18.35,17.56,"2025-05-25","12:00",1
130380250,"066025","B842","Carsoli","0250","L'aquila","038","Abruzzo","13",2201,2154,4355,0,0,2068,47.49,42.3,"2025-05-25","19:00",2
130380250,"066025","B842","Carsoli","0250","L'aquila","038","Abruzzo","13",2201,2154,4355,0,0,2630,60.39,59.04,"2025-05-25","23:00",3
130380250,"066025","B842","Carsoli","0250","L'aquila","038","Abruzzo","13",2201,2154,4355,1604,1571,3175,72.9,75.46,"2025-05-26","15:00",4
130380970,"066098","I804","Sulmona","0970","L'aquila","038","Abruzzo","13",11300,10245,21545,0,0,2933,13.61,13.89,"2025-05-25","12:00",1
130380970,"066098","I804","Sulmona","0970","L'aquila","038","Abruzzo","13",11300,10245,21545,0,0,7691,35.7,39.26,"2025-05-25","19:00",2
130380970,"066098","I804","Sulmona","0970","L'aquila","038","Abruzzo","13",11300,10245,21545,0,0,9823,45.59,48.39,"2025-05-25","23:00",3
130380970,"066098","I804","Sulmona","0970","L'aquila","038","Abruzzo","13",11300,10245,21545,6634,6202,12836,59.58,63.35,"2025-05-26","15:00",4
130600050,"068005","B294","Bussi Sul Tirino","0050","Pescara","060","Abruzzo","13",1189,1156,2345,0,0,427,18.21,16.59,"2025-05-25","12:00",1
130600050,"068005","B294","Bussi Sul Tirino","0050","Pescara","060","Abruzzo","13",1189,1156,2345,0,0,1177,50.19,52.08,"2025-05-25","19:00",2
130600050,"068005","B294","Bussi Sul Tirino","0050","Pescara","060","Abruzzo","13",1189,1156,2345,0,0,1491,63.58,61.28,"2025-05-25","23:00",3
130600050,"068005","B294","Bussi Sul Tirino","0050","Pescara","060","Abruzzo","13",1189,1156,2345,867,859,1726,73.6,72.11,"2025-05-26","15:00",4
130790130,"067014","C322","Castilenti","0130","Teramo","079","Abruzzo","13",554,590,1144,0,0,195,17.05,15.95,"2025-05-25","12:00",1
130790130,"067014","C322","Castilenti","0130","Teramo","079","Abruzzo","13",554,590,1144,0,0,538,47.03,50.21,"2025-05-25","19:00",2
130790130,"067014","C322","Castilenti","0130","Teramo","079","Abruzzo","13",554,590,1144,0,0,699,61.1,62.17,"2025-05-25","23:00",3
130790130,"067014","C322","Castilenti","0130","Teramo","079","Abruzzo","13",554,590,1144,397,457,854,74.65,78.03,"2025-05-26","15:00",4
170470030,"077003","A801","Bernalda","0030","Matera","047","Basilicata","17",5361,5283,10644,0,0,1280,12.03,12.67,"2025-05-25","12:00",1
170470030,"077003","A801","Bernalda","0030","Matera","047","Basilicata","17",5361,5283,10644,0,0,3390,31.85,35.05,"2025-05-25","19:00",2
170470030,"077003","A801","Bernalda","0030","Matera","047","Basilicata","17",5361,5283,10644,0,0,5059,47.53,49.52,"2025-05-25","23:00",3
170470030,"077003","A801","Bernalda","0030","Matera","047","Basilicata","17",5361,5283,10644,3227,3173,6400,60.13,63.34,"2025-05-26","15:00",4
170470130,"077013","E326","Irsina","0130","Matera","047","Basilicata","17",1758,1679,3437,0,0,392,11.41,12.91,"2025-05-25","12:00",1
170470130,"077013","E326","Irsina","0130","Matera","047","Basilicata","17",1758,1679,3437,0,0,1185,34.48,35.14,"2025-05-25","19:00",2
170470130,"077013","E326","Irsina","0130","Matera","047","Basilicata","17",1758,1679,3437,0,0,1821,52.98,55.22,"2025-05-25","23:00",3
170470130,"077013","E326","Irsina","0130","Matera","047","Basilicata","17",1758,1679,3437,1139,1159,2298,66.86,67.4,"2025-05-26","15:00",4
170470140,"077014","F052","Matera","0140","Matera","047","Basilicata","17",26064,24436,50500,0,0,6947,13.76,15.54,"2025-05-25","12:00",1
170470140,"077014","F052","Matera","0140","Matera","047","Basilicata","17",26064,24436,50500,0,0,18311,36.26,37.74,"2025-05-25","19:00",2
170470140,"077014","F052","Matera","0140","Matera","047","Basilicata","17",26064,24436,50500,0,0,25335,50.17,53.41,"2025-05-25","23:00",3
170470140,"077014","F052","Matera","0140","Matera","047","Basilicata","17",26064,24436,50500,16737,16188,32925,65.2,70.83,"2025-05-26","15:00",4
170470160,"077016","F399","Montalbano Jonico","0160","Matera","047","Basilicata","17",2991,2892,5883,0,0,816,13.87,15.85,"2025-05-25","12:00",1
170470160,"077016","F399","Montalbano Jonico","0160","Matera","047","Basilicata","17",2991,2892,5883,0,0,2247,38.19,38.03,"2025-05-25","19:00",2
170470160,"077016","F399","Montalbano Jonico","0160","Matera","047","Basilicata","17",2991,2892,5883,0,0,3358,57.08,57.89,"2025-05-25","23:00",3
170470160,"077016","F399","Montalbano Jonico","0160","Matera","047","Basilicata","17",2991,2892,5883,2081,2002,4083,69.4,72.08,"2025-05-26","15:00",4
170640060,"076006","A482","Atella","0060","Potenza","064","Basilicata","17",1987,1983,3970,0,0,499,12.57,13.75,"2025-05-25","12:00",1
170640060,"076006","A482","Atella","0060","Potenza","064","Basilicata","17",1987,1983,3970,0,0,1492,37.58,37.21,"2025-05-25","19:00",2
170640060,"076006","A482","Atella","0060","Potenza","064","Basilicata","17",1987,1983,3970,0,0,2000,50.38,48.55,"2025-05-25","23:00",3
170640060,"076006","A482","Atella","0060","Potenza","064","Basilicata","17",1987,1983,3970,1238,1211,2449,61.69,59.63,"2025-05-26","15:00",4
170640420,"076043","E493","Lavello","0420","Potenza","064","Basilicata","17",5513,5527,11040,0,0,1193,10.81,12.87,"2025-05-25","12:00",1
170640420,"076043","E493","Lavello","0420","Potenza","064","Basilicata","17",5513,5527,11040,0,0,3394,30.74,37.85,"2025-05-25","19:00",2
170640420,"076043","E493","Lavello","0420","Potenza","064","Basilicata","17",5513,5527,11040,0,0,5248,47.54,51.91,"2025-05-25","23:00",3
170640420,"076043","E493","Lavello","0420","Potenza","064","Basilicata","17",5513,5527,11040,3384,3518,6902,62.52,66.2,"2025-05-26","15:00",4
170640840,"076085","I610","Senise","0840","Potenza","064","Basilicata","17",3913,3951,7864,0,0,989,12.58,12.73,"2025-05-25","12:00",1
170640840,"076085","I610","Senise","0840","Potenza","064","Basilicata","17",3913,3951,7864,0,0,2582,32.83,24.46,"2025-05-25","19:00",2
170640840,"076085","I610","Senise","0840","Potenza","064","Basilicata","17",3913,3951,7864,0,0,3395,43.17,42.62,"2025-05-25","23:00",3
170640840,"076085","I610","Senise","0840","Potenza","064","Basilicata","17",3913,3951,7864,2062,2095,4157,52.86,56.42,"2025-05-26","15:00",4
170640890,"076090","L197","Tolve","0890","Potenza","064","Basilicata","17",2061,2017,4078,0,0,428,10.5,11.28,"2025-05-25","12:00",1
170640890,"076090","L197","Tolve","0890","Potenza","064","Basilicata","17",2061,2017,4078,0,0,1174,28.79,28.96,"2025-05-25","19:00",2
170640890,"076090","L197","Tolve","0890","Potenza","064","Basilicata","17",2061,2017,4078,0,0,1716,42.08,46.04,"2025-05-25","23:00",3
170640890,"076090","L197","Tolve","0890","Potenza","064","Basilicata","17",2061,2017,4078,1052,1070,2122,52.04,56.95,"2025-05-26","15:00",4
180220340,"079036","D181","Cropani","0340","Catanzaro","022","Calabria","18",1958,1840,3798,0,0,754,19.85,23.43,"2025-05-25","12:00",1
180220340,"079036","D181","Cropani","0340","Catanzaro","022","Calabria","18",1958,1840,3798,0,0,1757,46.26,58.3,"2025-05-25","19:00",2
180220340,"079036","D181","Cropani","0340","Catanzaro","022","Calabria","18",1958,1840,3798,0,0,2141,56.37,73.9,"2025-05-25","23:00",3
180220340,"079036","D181","Cropani","0340","Catanzaro","022","Calabria","18",1958,1840,3798,1299,1245,2544,66.98,73.9,"2025-05-26","15:00",4
180220630,"079065","E274","Jacurso","0630","Catanzaro","022","Calabria","18",401,377,778,0,0,78,10.03,12.26,"2025-05-25","12:00",1
180220630,"079065","E274","Jacurso","0630","Catanzaro","022","Calabria","18",401,377,778,0,0,231,29.69,40.2,"2025-05-25","19:00",2
180220630,"079065","E274","Jacurso","0630","Catanzaro","022","Calabria","18",401,377,778,0,0,294,37.79,51.71,"2025-05-25","23:00",3
180220630,"079065","E274","Jacurso","0630","Catanzaro","022","Calabria","18",401,377,778,191,162,353,45.37,61.69,"2025-05-26","15:00",4
180220641,"079160","M208","Lamezia Terme","0641","Catanzaro","022","Calabria","18",31723,29533,61256,0,0,8318,13.58,14.57,"2025-05-25","12:00",1
180220641,"079160","M208","Lamezia Terme","0641","Catanzaro","022","Calabria","18",31723,29533,61256,0,0,21499,35.1,46.33,"2025-05-25","19:00",2
180220641,"079160","M208","Lamezia Terme","0641","Catanzaro","022","Calabria","18",31723,29533,61256,0,0,28331,46.25,54.99,"2025-05-25","23:00",3
180220641,"079160","M208","Lamezia Terme","0641","Catanzaro","022","Calabria","18",31723,29533,61256,18595,17787,36382,59.39,54.99,"2025-05-26","15:00",4
180220670,"079069","E834","Maida","0670","Catanzaro","022","Calabria","18",2484,2478,4962,0,0,900,18.14,15.04,"2025-05-25","12:00",1
180220670,"079069","E834","Maida","0670","Catanzaro","022","Calabria","18",2484,2478,4962,0,0,1985,40,41.09,"2025-05-25","19:00",2
180220670,"079069","E834","Maida","0670","Catanzaro","022","Calabria","18",2484,2478,4962,0,0,2428,48.93,55.18,"2025-05-25","23:00",3
180220670,"079069","E834","Maida","0670","Catanzaro","022","Calabria","18",2484,2478,4962,1487,1448,2935,59.15,55.18,"2025-05-26","15:00",4
180220920,"079095","G518","Petrona'","0920","Catanzaro","022","Calabria","18",1293,1222,2515,0,0,409,16.26,14.05,"2025-05-25","12:00",1
180220920,"079095","G518","Petrona'","0920","Catanzaro","022","Calabria","18",1293,1222,2515,0,0,1156,45.96,48.06,"2025-05-25","19:00",2
180220920,"079095","G518","Petrona'","0920","Catanzaro","022","Calabria","18",1293,1222,2515,0,0,1337,53.16,55.06,"2025-05-25","23:00",3
180220920,"079095","G518","Petrona'","0920","Catanzaro","022","Calabria","18",1293,1222,2515,782,769,1551,61.67,55.06,"2025-05-26","15:00",4
180250290,"078029","C002","Cassano All'ionio","0290","Cosenza","025","Calabria","18",8106,8020,16126,0,0,1921,11.91,14.45,"2025-05-25","12:00",1
180250290,"078029","C002","Cassano All'ionio","0290","Cosenza","025","Calabria","18",8106,8020,16126,0,0,5632,34.92,49.32,"2025-05-25","19:00",2
180250290,"078029","C002","Cassano All'ionio","0290","Cosenza","025","Calabria","18",8106,8020,16126,0,0,7628,47.3,59.12,"2025-05-25","23:00",3
180250290,"078029","C002","Cassano All'ionio","0290","Cosenza","025","Calabria","18",8106,8020,16126,4913,4849,9762,60.54,59.12,"2025-05-26","15:00",4
180250400,"078040","C588","Cetraro","0400","Cosenza","025","Calabria","18",5184,5041,10225,0,0,1092,10.68,12.09,"2025-05-25","12:00",1
180250400,"078040","C588","Cetraro","0400","Cosenza","025","Calabria","18",5184,5041,10225,0,0,3151,30.82,31.27,"2025-05-25","19:00",2
180250400,"078040","C588","Cetraro","0400","Cosenza","025","Calabria","18",5184,5041,10225,0,0,4133,40.42,43.65,"2025-05-25","23:00",3
180250400,"078040","C588","Cetraro","0400","Cosenza","025","Calabria","18",5184,5041,10225,2835,2585,5420,53.01,57.33,"2025-05-26","15:00",4
180250920,"078091","G317","Paola","0920","Cosenza","025","Calabria","18",7733,7452,15185,0,0,2342,15.42,18.4,"2025-05-25","12:00",1
180250920,"078091","G317","Paola","0920","Cosenza","025","Calabria","18",7733,7452,15185,0,0,6024,39.67,46.23,"2025-05-25","19:00",2
180250920,"078091","G317","Paola","0920","Cosenza","025","Calabria","18",7733,7452,15185,0,0,7461,49.13,63.51,"2025-05-25","23:00",3
180250920,"078091","G317","Paola","0920","Cosenza","025","Calabria","18",7733,7452,15185,4950,4546,9496,62.54,63.51,"2025-05-26","15:00",4
180251030,"078102","H235","Rende","1030","Cosenza","025","Calabria","18",16622,15653,32275,0,0,4995,15.48,20.88,"2025-05-25","12:00",1
180251030,"078102","H235","Rende","1030","Cosenza","025","Calabria","18",16622,15653,32275,0,0,13082,40.53,58.94,"2025-05-25","19:00",2
180251030,"078102","H235","Rende","1030","Cosenza","025","Calabria","18",16622,15653,32275,0,0,16850,52.21,70.96,"2025-05-25","23:00",3
180251030,"078102","H235","Rende","1030","Cosenza","025","Calabria","18",16622,15653,32275,10991,10523,21514,66.66,70.96,"2025-05-26","15:00",4
180251380,"078138","I489","Scalea","1380","Cosenza","025","Calabria","18",5362,5331,10693,0,0,1366,12.77,13.61,"2025-05-25","12:00",1
180251380,"078138","I489","Scalea","1380","Cosenza","025","Calabria","18",5362,5331,10693,0,0,3570,33.39,28.58,"2025-05-25","19:00",2
180251380,"078138","I489","Scalea","1380","Cosenza","025","Calabria","18",5362,5331,10693,0,0,4768,44.59,41.9,"2025-05-25","23:00",3
180251380,"078138","I489","Scalea","1380","Cosenza","025","Calabria","18",5362,5331,10693,3107,3131,6238,58.34,58.73,"2025-05-26","15:00",4
180970130,"101013","E339","Isola Di Capo Rizzuto","0130","Crotone","097","Calabria","18",6688,6432,13120,0,0,1757,13.39,14.89,"2025-05-25","12:00",1
180970130,"101013","E339","Isola Di Capo Rizzuto","0130","Crotone","097","Calabria","18",6688,6432,13120,0,0,5065,38.61,53,"2025-05-25","19:00",2
180970130,"101013","E339","Isola Di Capo Rizzuto","0130","Crotone","097","Calabria","18",6688,6432,13120,0,0,7143,54.44,66.21,"2025-05-25","23:00",3
180970130,"101013","E339","Isola Di Capo Rizzuto","0130","Crotone","097","Calabria","18",6688,6432,13120,4770,4543,9313,70.98,66.21,"2025-05-26","15:00",4
180970140,"101014","F108","Melissa","0140","Crotone","097","Calabria","18",1934,2027,3961,0,0,555,14.01,17.17,"2025-05-25","12:00",1
180970140,"101014","F108","Melissa","0140","Crotone","097","Calabria","18",1934,2027,3961,0,0,1396,35.24,45.84,"2025-05-25","19:00",2
180970140,"101014","F108","Melissa","0140","Crotone","097","Calabria","18",1934,2027,3961,0,0,1761,44.46,54.01,"2025-05-25","23:00",3
180970140,"101014","F108","Melissa","0140","Crotone","097","Calabria","18",1934,2027,3961,1040,1014,2054,51.86,54.01,"2025-05-26","15:00",4
180670450,"080045","E956","Marina Di Gioiosa Ionica","0450","Reggio Calabria","067","Calabria","18",3311,3029,6340,0,0,659,10.39,10.68,"2025-05-25","12:00",1
180670450,"080045","E956","Marina Di Gioiosa Ionica","0450","Reggio Calabria","067","Calabria","18",3311,3029,6340,0,0,2001,31.56,37.32,"2025-05-25","19:00",2
180670450,"080045","E956","Marina Di Gioiosa Ionica","0450","Reggio Calabria","067","Calabria","18",3311,3029,6340,0,0,2836,44.73,47.58,"2025-05-25","23:00",3
180670450,"080045","E956","Marina Di Gioiosa Ionica","0450","Reggio Calabria","067","Calabria","18",3311,3029,6340,1865,1753,3618,57.07,47.58,"2025-05-26","15:00",4
180670500,"080050","F112","Melito Di Porto Salvo","0500","Reggio Calabria","067","Calabria","18",4316,3883,8199,0,0,814,9.93,8.94,"2025-05-25","12:00",1
180670500,"080050","F112","Melito Di Porto Salvo","0500","Reggio Calabria","067","Calabria","18",4316,3883,8199,0,0,2538,30.95,29.99,"2025-05-25","19:00",2
180670500,"080050","F112","Melito Di Porto Salvo","0500","Reggio Calabria","067","Calabria","18",4316,3883,8199,0,0,3525,42.99,41.29,"2025-05-25","23:00",3
180670500,"080050","F112","Melito Di Porto Salvo","0500","Reggio Calabria","067","Calabria","18",4316,3883,8199,2306,2339,4645,56.65,57.97,"2025-05-26","15:00",4
180670730,"080073","H959","San Lorenzo","0730","Reggio Calabria","067","Calabria","18",905,840,1745,0,0,139,7.97,7.15,"2025-05-25","12:00",1
180670730,"080073","H959","San Lorenzo","0730","Reggio Calabria","067","Calabria","18",905,840,1745,0,0,492,28.19,23.04,"2025-05-25","19:00",2
180670730,"080073","H959","San Lorenzo","0730","Reggio Calabria","067","Calabria","18",905,840,1745,0,0,686,39.31,37.89,"2025-05-25","23:00",3
180670730,"080073","H959","San Lorenzo","0730","Reggio Calabria","067","Calabria","18",905,840,1745,448,456,904,51.81,37.89,"2025-05-26","15:00",4
180670850,"080085","I537","Scilla","0850","Reggio Calabria","067","Calabria","18",2690,2712,5402,0,0,663,12.27,9.81,"2025-05-25","12:00",1
180670850,"080085","I537","Scilla","0850","Reggio Calabria","067","Calabria","18",2690,2712,5402,0,0,1833,33.93,28.65,"2025-05-25","19:00",2
180670850,"080085","I537","Scilla","0850","Reggio Calabria","067","Calabria","18",2690,2712,5402,0,0,2356,43.61,41.51,"2025-05-25","23:00",3
180670850,"080085","I537","Scilla","0850","Reggio Calabria","067","Calabria","18",2690,2712,5402,1485,1453,2938,54.39,53.61,"2025-05-26","15:00",4
181030410,"102041","I884","Spadola","0410","Vibo Valentia","103","Calabria","18",455,461,916,0,0,142,15.5,16.52,"2025-05-25","12:00",1
181030410,"102041","I884","Spadola","0410","Vibo Valentia","103","Calabria","18",455,461,916,0,0,418,45.63,46.59,"2025-05-25","19:00",2
181030410,"102041","I884","Spadola","0410","Vibo Valentia","103","Calabria","18",455,461,916,0,0,543,59.28,64.87,"2025-05-25","23:00",3
181030410,"102041","I884","Spadola","0410","Vibo Valentia","103","Calabria","18",455,461,916,301,331,632,69,64.87,"2025-05-26","15:00",4
150080280,"064028","C659","Chiusano Di San Domenico","0280","Avellino","008","Campania","15",1367,1284,2651,0,0,425,16.03,17.62,"2025-05-25","12:00",1
150080280,"064028","C659","Chiusano Di San Domenico","0280","Avellino","008","Campania","15",1367,1284,2651,0,0,1123,42.36,29.42,"2025-05-25","19:00",2
150080280,"064028","C659","Chiusano Di San Domenico","0280","Avellino","008","Campania","15",1367,1284,2651,0,0,1390,52.43,49.51,"2025-05-25","23:00",3
150080280,"064028","C659","Chiusano Di San Domenico","0280","Avellino","008","Campania","15",1367,1284,2651,815,769,1584,59.75,56.91,"2025-05-26","15:00",4
150080790,"064080","H592","Rotondi","0790","Avellino","008","Campania","15",1674,1658,3332,0,0,567,17.02,19.5,"2025-05-25","12:00",1
150080790,"064080","H592","Rotondi","0790","Avellino","008","Campania","15",1674,1658,3332,0,0,1633,49.01,50.14,"2025-05-25","19:00",2
150080790,"064080","H592","Rotondi","0790","Avellino","008","Campania","15",1674,1658,3332,0,0,1978,59.36,61.82,"2025-05-25","23:00",3
150080790,"064080","H592","Rotondi","0790","Avellino","008","Campania","15",1674,1658,3332,1204,1199,2403,72.12,76.57,"2025-05-26","15:00",4
150080970,"064098","I606","Senerchia","0970","Avellino","008","Campania","15",526,630,1156,0,0,171,14.79,15.66,"2025-05-25","12:00",1
150080970,"064098","I606","Senerchia","0970","Avellino","008","Campania","15",526,630,1156,0,0,399,34.52,36.69,"2025-05-25","19:00",2
150080970,"064098","I606","Senerchia","0970","Avellino","008","Campania","15",526,630,1156,0,0,516,44.64,45.34,"2025-05-25","23:00",3
150080970,"064098","I606","Senerchia","0970","Avellino","008","Campania","15",526,630,1156,262,329,591,51.12,55.98,"2025-05-26","15:00",4
150110690,"062071","I277","Sant'angelo A Cupolo","0690","Benevento","011","Campania","15",1954,1971,3925,0,0,556,14.17,15.37,"2025-05-25","12:00",1
150110690,"062071","I277","Sant'angelo A Cupolo","0690","Benevento","011","Campania","15",1954,1971,3925,0,0,1747,44.51,44.48,"2025-05-25","19:00",2
150110690,"062071","I277","Sant'angelo A Cupolo","0690","Benevento","011","Campania","15",1954,1971,3925,0,0,2261,57.61,56.1,"2025-05-25","23:00",3
150110690,"062071","I277","Sant'angelo A Cupolo","0690","Benevento","011","Campania","15",1954,1971,3925,1404,1398,2802,71.39,72.75,"2025-05-26","15:00",4
150200460,"061046","E754","Lusciano","0460","Caserta","020","Campania","15",6694,6353,13047,0,0,1899,14.56,17.1,"2025-05-25","12:00",1
150200460,"061046","E754","Lusciano","0460","Caserta","020","Campania","15",6694,6353,13047,0,0,5228,40.07,46.13,"2025-05-25","19:00",2
150200460,"061046","E754","Lusciano","0460","Caserta","020","Campania","15",6694,6353,13047,0,0,7547,57.84,60.32,"2025-05-25","23:00",3
150200460,"061046","E754","Lusciano","0460","Caserta","020","Campania","15",6694,6353,13047,4833,4652,9485,72.7,75.1,"2025-05-26","15:00",4
150200600,"061060","G661","Pignataro Maggiore","0600","Caserta","020","Campania","15",2600,2391,4991,0,0,820,16.43,15.03,"2025-05-25","12:00",1
150200600,"061060","G661","Pignataro Maggiore","0600","Caserta","020","Campania","15",2600,2391,4991,0,0,2333,46.74,41.51,"2025-05-25","19:00",2
150200600,"061060","G661","Pignataro Maggiore","0600","Caserta","020","Campania","15",2600,2391,4991,0,0,3081,61.73,57.42,"2025-05-25","23:00",3
150200600,"061060","G661","Pignataro Maggiore","0600","Caserta","020","Campania","15",2600,2391,4991,2000,1841,3841,76.96,76.4,"2025-05-26","15:00",4
150510210,"063021","B946","Casavatore","0210","Napoli","051","Campania","15",8042,7425,15467,0,0,2076,13.42,14.64,"2025-05-25","12:00",1
150510210,"063021","B946","Casavatore","0210","Napoli","051","Campania","15",8042,7425,15467,0,0,5403,34.93,31.82,"2025-05-25","19:00",2
150510210,"063021","B946","Casavatore","0210","Napoli","051","Campania","15",8042,7425,15467,0,0,7729,49.97,46.56,"2025-05-25","23:00",3
150510210,"063021","B946","Casavatore","0210","Napoli","051","Campania","15",8042,7425,15467,5069,4772,9841,63.63,66.13,"2025-05-26","15:00",4
150510340,"063034","E054","Giugliano In Campania","0340","Napoli","051","Campania","15",50973,47882,98855,0,0,8768,8.87,13.95,"2025-05-25","12:00",1
150510340,"063034","E054","Giugliano In Campania","0340","Napoli","051","Campania","15",50973,47882,98855,0,0,24466,24.75,32.21,"2025-05-25","19:00",2
150510340,"063034","E054","Giugliano In Campania","0340","Napoli","051","Campania","15",50973,47882,98855,0,0,34357,34.75,46.14,"2025-05-25","23:00",3
150510340,"063034","E054","Giugliano In Campania","0340","Napoli","051","Campania","15",50973,47882,98855,23109,21913,45022,45.54,64.33,"2025-05-26","15:00",4
150510430,"063043","E955","Marigliano","0430","Napoli","051","Campania","15",13148,12011,25159,0,0,4402,17.5,15.78,"2025-05-25","12:00",1
150510430,"063043","E955","Marigliano","0430","Napoli","051","Campania","15",13148,12011,25159,0,0,10578,42.04,37.94,"2025-05-25","19:00",2
150510430,"063043","E955","Marigliano","0430","Napoli","051","Campania","15",13148,12011,25159,0,0,14287,56.79,52.68,"2025-05-25","23:00",3
150510430,"063043","E955","Marigliano","0430","Napoli","051","Campania","15",13148,12011,25159,9058,8401,17459,69.39,73.14,"2025-05-26","15:00",4
150510500,"063050","F924","Nola","0500","Napoli","051","Campania","15",15124,13998,29122,0,0,4596,15.78,22.01,"2025-05-25","12:00",1
150510500,"063050","F924","Nola","0500","Napoli","051","Campania","15",15124,13998,29122,0,0,11660,40.04,48.43,"2025-05-25","19:00",2
150510500,"063050","F924","Nola","0500","Napoli","051","Campania","15",15124,13998,29122,0,0,15913,54.64,69.53,"2025-05-25","23:00",3
150510500,"063050","F924","Nola","0500","Napoli","051","Campania","15",15124,13998,29122,10188,9595,19783,67.93,69.53,"2025-05-26","15:00",4
150510890,"063089","M115","Volla","0890","Napoli","051","Campania","15",10640,10014,20654,0,0,2388,11.56,10.55,"2025-05-25","12:00",1
150510890,"063089","M115","Volla","0890","Napoli","051","Campania","15",10640,10014,20654,0,0,6477,31.36,27.35,"2025-05-25","19:00",2
150510890,"063089","M115","Volla","0890","Napoli","051","Campania","15",10640,10014,20654,0,0,9464,45.82,39.8,"2025-05-25","23:00",3
150510890,"063089","M115","Volla","0890","Napoli","051","Campania","15",10640,10014,20654,6213,5875,12088,58.53,54.06,"2025-05-26","15:00",4
150720250,"065025","B644","Capaccio Paestum","0250","Salerno","072","Campania","15",9339,9041,18380,0,0,2776,15.1,24.49,"2025-05-25","12:00",1
150720250,"065025","B644","Capaccio Paestum","0250","Salerno","072","Campania","15",9339,9041,18380,0,0,7023,38.21,39.07,"2025-05-25","19:00",2
150720250,"065025","B644","Capaccio Paestum","0250","Salerno","072","Campania","15",9339,9041,18380,0,0,9390,51.09,59.45,"2025-05-25","23:00",3
150720250,"065025","B644","Capaccio Paestum","0250","Salerno","072","Campania","15",9339,9041,18380,6340,6147,12487,67.94,72.64,"2025-05-26","15:00",4
150720330,"065033","C235","Castelnuovo Di Conza","0330","Salerno","072","Campania","15",1670,1627,3297,0,0,108,3.28,3.59,"2025-05-25","12:00",1
150720330,"065033","C235","Castelnuovo Di Conza","0330","Salerno","072","Campania","15",1670,1627,3297,0,0,239,7.25,6.97,"2025-05-25","19:00",2
150720330,"065033","C235","Castelnuovo Di Conza","0330","Salerno","072","Campania","15",1670,1627,3297,0,0,286,8.67,10.77,"2025-05-25","23:00",3
150720330,"065033","C235","Castelnuovo Di Conza","0330","Salerno","072","Campania","15",1670,1627,3297,163,195,358,10.86,11.91,"2025-05-26","15:00",4
150720590,"065059","E365","Ispani","0590","Salerno","072","Campania","15",725,684,1409,0,0,209,14.83,14.98,"2025-05-25","12:00",1
150720590,"065059","E365","Ispani","0590","Salerno","072","Campania","15",725,684,1409,0,0,468,33.22,33.8,"2025-05-25","19:00",2
150720590,"065059","E365","Ispani","0590","Salerno","072","Campania","15",725,684,1409,0,0,588,41.73,46.49,"2025-05-25","23:00",3
150720590,"065059","E365","Ispani","0590","Salerno","072","Campania","15",725,684,1409,343,366,709,50.32,59.7,"2025-05-26","15:00",4
150721280,"065128","I278","Sant'angelo A Fasanella","1280","Salerno","072","Campania","15",328,276,604,0,0,74,12.25,19.3,"2025-05-25","12:00",1
150721280,"065128","I278","Sant'angelo A Fasanella","1280","Salerno","072","Campania","15",328,276,604,0,0,209,34.6,41.96,"2025-05-25","19:00",2
150721280,"065128","I278","Sant'angelo A Fasanella","1280","Salerno","072","Campania","15",328,276,604,0,0,291,48.18,55.13,"2025-05-25","23:00",3
150721280,"065128","I278","Sant'angelo A Fasanella","1280","Salerno","072","Campania","15",328,276,604,195,173,368,60.93,69.68,"2025-05-26","15:00",4
80320020,"040003","A809","Bertinoro","0020","Forli'-Cesena","032","Emilia-Romagna","08",4587,4433,9020,0,0,1170,12.97,15.23,"2025-05-25","12:00",1
80320020,"040003","A809","Bertinoro","0020","Forli'-Cesena","032","Emilia-Romagna","08",4587,4433,9020,0,0,2531,28.06,34.7,"2025-05-25","19:00",2
80320020,"040003","A809","Bertinoro","0020","Forli'-Cesena","032","Emilia-Romagna","08",4587,4433,9020,0,0,3194,35.41,41.62,"2025-05-25","23:00",3
80320020,"040003","A809","Bertinoro","0020","Forli'-Cesena","032","Emilia-Romagna","08",4587,4433,9020,2097,2024,4121,45.69,53.64,"2025-05-26","15:00",4
80500380,"036039","I133","San Prospero","0380","Modena","050","Emilia-Romagna","08",2381,2393,4774,0,0,880,18.43,27.57,"2025-05-25","12:00",1
80500380,"036039","I133","San Prospero","0380","Modena","050","Emilia-Romagna","08",2381,2393,4774,0,0,1881,39.4,55.88,"2025-05-25","19:00",2
80500380,"036039","I133","San Prospero","0380","Modena","050","Emilia-Romagna","08",2381,2393,4774,0,0,2369,49.62,70.48,"2025-05-25","23:00",3
80500380,"036039","I133","San Prospero","0380","Modena","050","Emilia-Romagna","08",2381,2393,4774,1418,1383,2801,58.67,70.48,"2025-05-26","15:00",4
80560160,"034016","D685","Fontevivo","0160","Parma","056","Emilia-Romagna","08",2124,2163,4287,0,0,806,18.8,20.08,"2025-05-25","12:00",1
80560160,"034016","D685","Fontevivo","0160","Parma","056","Emilia-Romagna","08",2124,2163,4287,0,0,1808,42.17,44.45,"2025-05-25","19:00",2
80560160,"034016","D685","Fontevivo","0160","Parma","056","Emilia-Romagna","08",2124,2163,4287,0,0,2202,51.36,54.98,"2025-05-25","23:00",3
80560160,"034016","D685","Fontevivo","0160","Parma","056","Emilia-Romagna","08",2124,2163,4287,1325,1277,2602,60.7,68.91,"2025-05-26","15:00",4
80560450,"034045","L672","Varano De' Melegari","0450","Parma","056","Emilia-Romagna","08",1097,1076,2173,0,0,437,20.11,17.05,"2025-05-25","12:00",1
80560450,"034045","L672","Varano De' Melegari","0450","Parma","056","Emilia-Romagna","08",1097,1076,2173,0,0,965,44.41,43.05,"2025-05-25","19:00",2
80560450,"034045","L672","Varano De' Melegari","0450","Parma","056","Emilia-Romagna","08",1097,1076,2173,0,0,1244,57.25,60.19,"2025-05-25","23:00",3
80560450,"034045","L672","Varano De' Melegari","0450","Parma","056","Emilia-Romagna","08",1097,1076,2173,786,769,1555,71.56,77.19,"2025-05-26","15:00",4
80660140,"039014","H199","Ravenna","0140","Ravenna","066","Emilia-Romagna","08",65446,61442,126888,0,0,15092,11.89,12.87,"2025-05-25","12:00",1
80660140,"039014","H199","Ravenna","0140","Ravenna","066","Emilia-Romagna","08",65446,61442,126888,0,0,36068,28.43,31.88,"2025-05-25","19:00",2
80660140,"039014","H199","Ravenna","0140","Ravenna","066","Emilia-Romagna","08",65446,61442,126888,0,0,48110,37.92,41.4,"2025-05-25","23:00",3
80660140,"039014","H199","Ravenna","0140","Ravenna","066","Emilia-Romagna","08",65446,61442,126888,32685,30179,62864,49.54,54.08,"2025-05-26","15:00",4
120330240,"060024","C413","Ceccano","0240","Frosinone","033","Lazio","12",9700,9226,18926,0,0,2749,14.52,14,"2025-05-25","12:00",1
120330240,"060024","C413","Ceccano","0240","Frosinone","033","Lazio","12",9700,9226,18926,0,0,7877,41.62,36.58,"2025-05-25","19:00",2
120330240,"060024","C413","Ceccano","0240","Frosinone","033","Lazio","12",9700,9226,18926,0,0,10554,55.76,52.06,"2025-05-25","23:00",3
120330240,"060024","C413","Ceccano","0240","Frosinone","033","Lazio","12",9700,9226,18926,6924,6691,13615,71.94,71.8,"2025-05-26","15:00",4
120400100,"059010","E375","Itri","0100","Latina","040","Lazio","12",4831,4819,9650,0,0,1553,16.09,14.94,"2025-05-25","12:00",1
120400100,"059010","E375","Itri","0100","Latina","040","Lazio","12",4831,4819,9650,0,0,3554,36.83,37.68,"2025-05-25","19:00",2
120400100,"059010","E375","Itri","0100","Latina","040","Lazio","12",4831,4819,9650,0,0,4637,48.05,47,"2025-05-25","23:00",3
120400100,"059010","E375","Itri","0100","Latina","040","Lazio","12",4831,4819,9650,3023,3014,6037,62.56,62.27,"2025-05-26","15:00",4
120690230,"057025","C969","Contigliano","0230","Rieti","069","Lazio","12",1565,1507,3072,0,0,504,16.41,24.93,"2025-05-25","12:00",1
120690230,"057025","C969","Contigliano","0230","Rieti","069","Lazio","12",1565,1507,3072,0,0,1329,43.26,40.73,"2025-05-25","19:00",2
120690230,"057025","C969","Contigliano","0230","Rieti","069","Lazio","12",1565,1507,3072,0,0,1774,57.75,63.09,"2025-05-25","23:00",3
120690230,"057025","C969","Contigliano","0230","Rieti","069","Lazio","12",1565,1507,3072,1135,1125,2260,73.57,75.88,"2025-05-26","15:00",4
120690470,"057049","G498","Pescorocchiano","0470","Rieti","069","Lazio","12",927,970,1897,0,0,336,17.71,21.59,"2025-05-25","12:00",1
120690470,"057049","G498","Pescorocchiano","0470","Rieti","069","Lazio","12",927,970,1897,0,0,892,47.02,55.29,"2025-05-25","19:00",2
120690470,"057049","G498","Pescorocchiano","0470","Rieti","069","Lazio","12",927,970,1897,0,0,1118,58.94,71.82,"2025-05-25","23:00",3
120690470,"057049","G498","Pescorocchiano","0470","Rieti","069","Lazio","12",927,970,1897,669,726,1395,73.54,71.82,"2025-05-26","15:00",4
120700360,"058036","D561","Fiano Romano","0360","Roma","070","Lazio","12",6160,6067,12227,0,0,1824,14.92,13.08,"2025-05-25","12:00",1
120700360,"058036","D561","Fiano Romano","0360","Roma","070","Lazio","12",6160,6067,12227,0,0,4229,34.59,34.31,"2025-05-25","19:00",2
120700360,"058036","D561","Fiano Romano","0360","Roma","070","Lazio","12",6160,6067,12227,0,0,5490,44.9,44.6,"2025-05-25","23:00",3
120700360,"058036","D561","Fiano Romano","0360","Roma","070","Lazio","12",6160,6067,12227,3750,3416,7166,58.61,61.1,"2025-05-26","15:00",4
120700375,"058122","M309","Fonte Nuova","0375","Roma","070","Lazio","12",12698,11876,24574,0,0,2852,11.61,13.79,"2025-05-25","12:00",1
120700375,"058122","M309","Fonte Nuova","0375","Roma","070","Lazio","12",12698,11876,24574,0,0,7115,28.95,31.91,"2025-05-25","19:00",2
120700375,"058122","M309","Fonte Nuova","0375","Roma","070","Lazio","12",12698,11876,24574,0,0,9067,36.9,45.01,"2025-05-25","23:00",3
120700375,"058122","M309","Fonte Nuova","0375","Roma","070","Lazio","12",12698,11876,24574,6023,5609,11632,47.33,45.01,"2025-05-26","15:00",4
120700790,"058080","G874","Ponzano Romano","0790","Roma","070","Lazio","12",502,544,1046,0,0,179,17.11,23.39,"2025-05-25","12:00",1
120700790,"058080","G874","Ponzano Romano","0790","Roma","070","Lazio","12",502,544,1046,0,0,477,45.6,44.23,"2025-05-25","19:00",2
120700790,"058080","G874","Ponzano Romano","0790","Roma","070","Lazio","12",502,544,1046,0,0,604,57.74,60.53,"2025-05-25","23:00",3
120700790,"058080","G874","Ponzano Romano","0790","Roma","070","Lazio","12",502,544,1046,351,370,721,68.93,75.24,"2025-05-26","15:00",4
120700970,"058098","I284","Sant'angelo Romano","0970","Roma","070","Lazio","12",1994,2010,4004,0,0,577,14.41,22.88,"2025-05-25","12:00",1
120700970,"058098","I284","Sant'angelo Romano","0970","Roma","070","Lazio","12",1994,2010,4004,0,0,1546,38.61,35.81,"2025-05-25","19:00",2
120700970,"058098","I284","Sant'angelo Romano","0970","Roma","070","Lazio","12",1994,2010,4004,0,0,1968,49.15,54.59,"2025-05-25","23:00",3
120700970,"058098","I284","Sant'angelo Romano","0970","Roma","070","Lazio","12",1994,2010,4004,1196,1223,2419,60.41,64.69,"2025-05-26","15:00",4
120701020,"058103","I992","Subiaco","1020","Roma","070","Lazio","12",3630,3521,7151,0,0,1171,16.38,17.69,"2025-05-25","12:00",1
120701020,"058103","I992","Subiaco","1020","Roma","070","Lazio","12",3630,3521,7151,0,0,3073,42.97,43.98,"2025-05-25","19:00",2
120701020,"058103","I992","Subiaco","1020","Roma","070","Lazio","12",3630,3521,7151,0,0,3937,55.06,56.82,"2025-05-25","23:00",3
120701020,"058103","I992","Subiaco","1020","Roma","070","Lazio","12",3630,3521,7151,2609,2564,5173,72.34,76.93,"2025-05-26","15:00",4
70340250,"010025","D969","Genova","0250","Genova","034","Liguria","07",253797,226177,479974,0,0,63987,13.33,15.08,"2025-05-25","12:00",1
70340250,"010025","D969","Genova","0250","Genova","034","Liguria","07",253797,226177,479974,0,0,147694,30.77,32.05,"2025-05-25","19:00",2
70340250,"010025","D969","Genova","0250","Genova","034","Liguria","07",253797,226177,479974,0,0,187912,39.15,44.17,"2025-05-25","23:00",3
70340250,"010025","D969","Genova","0250","Genova","034","Liguria","07",253797,226177,479974,131736,117365,249101,51.9,44.17,"2025-05-26","15:00",4
70340420,"010042","G093","Orero","0420","Genova","034","Liguria","07",263,264,527,0,0,105,19.92,18.46,"2025-05-25","12:00",1
70340420,"010042","G093","Orero","0420","Genova","034","Liguria","07",263,264,527,0,0,207,39.28,42.5,"2025-05-25","19:00",2
70340420,"010042","G093","Orero","0420","Genova","034","Liguria","07",263,264,527,0,0,250,47.44,48.65,"2025-05-25","23:00",3
70340420,"010042","G093","Orero","0420","Genova","034","Liguria","07",263,264,527,154,169,323,61.29,61.15,"2025-05-26","15:00",4
70340510,"010051","H581","Rossiglione","0510","Genova","034","Liguria","07",1045,975,2020,0,0,316,15.64,20.92,"2025-05-25","12:00",1
70340510,"010051","H581","Rossiglione","0510","Genova","034","Liguria","07",1045,975,2020,0,0,758,37.52,34.34,"2025-05-25","19:00",2
70340510,"010051","H581","Rossiglione","0510","Genova","034","Liguria","07",1045,975,2020,0,0,939,46.49,52.63,"2025-05-25","23:00",3
70340510,"010051","H581","Rossiglione","0510","Genova","034","Liguria","07",1045,975,2020,622,586,1208,59.8,59.1,"2025-05-26","15:00",4
70370590,"008063","L599","Vallecrosia","0590","Imperia","037","Liguria","07",3161,2944,6105,0,0,923,15.12,15.06,"2025-05-25","12:00",1
70370590,"008063","L599","Vallecrosia","0590","Imperia","037","Liguria","07",3161,2944,6105,0,0,2004,32.83,37.88,"2025-05-25","19:00",2
70370590,"008063","L599","Vallecrosia","0590","Imperia","037","Liguria","07",3161,2944,6105,0,0,2379,38.97,44.31,"2025-05-25","23:00",3
70370590,"008063","L599","Vallecrosia","0590","Imperia","037","Liguria","07",3161,2944,6105,1625,1481,3106,50.88,55.19,"2025-05-26","15:00",4
70740550,"009055","I453","Sassello","0550","Savona","074","Liguria","07",726,762,1488,0,0,249,16.73,13.87,"2025-05-25","12:00",1
70740550,"009055","I453","Sassello","0550","Savona","074","Liguria","07",726,762,1488,0,0,541,36.36,31.02,"2025-05-25","19:00",2
70740550,"009055","I453","Sassello","0550","Savona","074","Liguria","07",726,762,1488,0,0,674,45.3,37.73,"2025-05-25","23:00",3
70740550,"009055","I453","Sassello","0550","Savona","074","Liguria","07",726,762,1488,435,454,889,59.74,47.63,"2025-05-26","15:00",4
30120410,"016043","B393","Calcinate","0410","Bergamo","012","Lombardia","03",2205,2364,4569,0,0,843,18.45,18.48,"2025-05-25","12:00",1
30120410,"016043","B393","Calcinate","0410","Bergamo","012","Lombardia","03",2205,2364,4569,0,0,1987,43.49,45.61,"2025-05-25","19:00",2
30120410,"016043","B393","Calcinate","0410","Bergamo","012","Lombardia","03",2205,2364,4569,0,0,2380,52.09,52.27,"2025-05-25","23:00",3
30120410,"016043","B393","Calcinate","0410","Bergamo","012","Lombardia","03",2205,2364,4569,1368,1406,2774,60.71,64.95,"2025-05-26","15:00",4
30120470,"016049","B618","Canonica D'adda","0470","Bergamo","012","Lombardia","03",1650,1689,3339,0,0,415,12.43,20.65,"2025-05-25","12:00",1
30120470,"016049","B618","Canonica D'adda","0470","Bergamo","012","Lombardia","03",1650,1689,3339,0,0,1018,30.49,33.15,"2025-05-25","19:00",2
30120470,"016049","B618","Canonica D'adda","0470","Bergamo","012","Lombardia","03",1650,1689,3339,0,0,1213,36.33,53.12,"2025-05-25","23:00",3
30120470,"016049","B618","Canonica D'adda","0470","Bergamo","012","Lombardia","03",1650,1689,3339,754,734,1488,44.56,59.97,"2025-05-26","15:00",4
30120620,"016064","C324","Castione Della Presolana","0620","Bergamo","012","Lombardia","03",1518,1539,3057,0,0,674,22.05,11.78,"2025-05-25","12:00",1
30120620,"016064","C324","Castione Della Presolana","0620","Bergamo","012","Lombardia","03",1518,1539,3057,0,0,1568,51.29,29.8,"2025-05-25","19:00",2
30120620,"016064","C324","Castione Della Presolana","0620","Bergamo","012","Lombardia","03",1518,1539,3057,0,0,1859,60.81,33.41,"2025-05-25","23:00",3
30120620,"016064","C324","Castione Della Presolana","0620","Bergamo","012","Lombardia","03",1518,1539,3057,1099,1118,2217,72.52,44.73,"2025-05-26","15:00",4
30151620,"017171","H838","San Felice Del Benaco","1620","Brescia","015","Lombardia","03",1499,1426,2925,0,0,545,18.63,23.12,"2025-05-25","12:00",1
30151620,"017171","H838","San Felice Del Benaco","1620","Brescia","015","Lombardia","03",1499,1426,2925,0,0,1238,42.32,39.32,"2025-05-25","19:00",2
30151620,"017171","H838","San Felice Del Benaco","1620","Brescia","015","Lombardia","03",1499,1426,2925,0,0,1447,49.47,60.75,"2025-05-25","23:00",3
30151620,"017171","H838","San Felice Del Benaco","1620","Brescia","015","Lombardia","03",1499,1426,2925,908,822,1730,59.15,68.52,"2025-05-26","15:00",4
30240130,"013013","A476","Asso","0130","Como","024","Lombardia","03",1442,1446,2888,0,0,399,13.82,16.47,"2025-05-25","12:00",1
30240130,"013013","A476","Asso","0130","Como","024","Lombardia","03",1442,1446,2888,0,0,1002,34.7,43,"2025-05-25","19:00",2
30240130,"013013","A476","Asso","0130","Como","024","Lombardia","03",1442,1446,2888,0,0,1210,41.9,52.27,"2025-05-25","23:00",3
30240130,"013013","A476","Asso","0130","Como","024","Lombardia","03",1442,1446,2888,765,733,1498,51.87,66.47,"2025-05-26","15:00",4
30240230,"013023","A870","Binago","0230","Como","024","Lombardia","03",2184,2186,4370,0,0,627,14.35,21.02,"2025-05-25","12:00",1
30240230,"013023","A870","Binago","0230","Como","024","Lombardia","03",2184,2186,4370,0,0,1464,33.5,50.26,"2025-05-25","19:00",2
30240230,"013023","A870","Binago","0230","Como","024","Lombardia","03",2184,2186,4370,0,0,1788,40.92,63.21,"2025-05-25","23:00",3
30240230,"013023","A870","Binago","0230","Como","024","Lombardia","03",2184,2186,4370,1093,1049,2142,49.02,63.21,"2025-05-26","15:00",4
30240650,"013068","C724","Cirimido","0650","Como","024","Lombardia","03",817,833,1650,0,0,206,12.48,15.5,"2025-05-25","12:00",1
30240650,"013068","C724","Cirimido","0650","Como","024","Lombardia","03",817,833,1650,0,0,473,28.67,28.65,"2025-05-25","19:00",2
30240650,"013068","C724","Cirimido","0650","Como","024","Lombardia","03",817,833,1650,0,0,609,36.91,48.17,"2025-05-25","23:00",3
30240650,"013068","C724","Cirimido","0650","Como","024","Lombardia","03",817,833,1650,385,359,744,45.09,54.71,"2025-05-26","15:00",4
30260860,"019089","H815","San Daniele Po","0860","Cremona","026","Lombardia","03",716,720,1436,0,0,261,18.18,21.71,"2025-05-25","12:00",1
30260860,"019089","H815","San Daniele Po","0860","Cremona","026","Lombardia","03",716,720,1436,0,0,574,39.97,56.86,"2025-05-25","19:00",2
30260860,"019089","H815","San Daniele Po","0860","Cremona","026","Lombardia","03",716,720,1436,0,0,656,45.68,64.79,"2025-05-25","23:00",3
30260860,"019089","H815","San Daniele Po","0860","Cremona","026","Lombardia","03",716,720,1436,388,388,776,54.04,64.79,"2025-05-26","15:00",4
30990510,"098051","I362","Santo Stefano Lodigiano","0510","Lodi","099","Lombardia","03",774,785,1559,0,0,362,23.22,20.69,"2025-05-25","12:00",1
30990510,"098051","I362","Santo Stefano Lodigiano","0510","Lodi","099","Lombardia","03",774,785,1559,0,0,741,47.53,47,"2025-05-25","19:00",2
30990510,"098051","I362","Santo Stefano Lodigiano","0510","Lodi","099","Lombardia","03",774,785,1559,0,0,917,58.82,57.1,"2025-05-25","23:00",3
30990510,"098051","I362","Santo Stefano Lodigiano","0510","Lodi","099","Lombardia","03",774,785,1559,534,536,1070,68.63,70.35,"2025-05-26","15:00",4
30490700,"015070","C523","Cernusco Sul Naviglio","0700","Milano","049","Lombardia","03",14734,13670,28404,0,0,4226,14.88,17.05,"2025-05-25","12:00",1
30490700,"015070","C523","Cernusco Sul Naviglio","0700","Milano","049","Lombardia","03",14734,13670,28404,0,0,11155,39.27,38.42,"2025-05-25","19:00",2
30490700,"015070","C523","Cernusco Sul Naviglio","0700","Milano","049","Lombardia","03",14734,13670,28404,0,0,14255,50.19,53.57,"2025-05-25","23:00",3
30490700,"015070","C523","Cernusco Sul Naviglio","0700","Milano","049","Lombardia","03",14734,13670,28404,8746,8084,16830,59.25,53.57,"2025-05-26","15:00",4
30491580,"015159","G078","Opera","1580","Milano","049","Lombardia","03",6122,5595,11717,0,0,1858,15.86,15.25,"2025-05-25","12:00",1
30491580,"015159","G078","Opera","1580","Milano","049","Lombardia","03",6122,5595,11717,0,0,4778,40.78,40.92,"2025-05-25","19:00",2
30491580,"015159","G078","Opera","1580","Milano","049","Lombardia","03",6122,5595,11717,0,0,6017,51.35,48.92,"2025-05-25","23:00",3
30491580,"015159","G078","Opera","1580","Milano","049","Lombardia","03",6122,5595,11717,3894,3352,7246,61.84,61.98,"2025-05-26","15:00",4
30491820,"015183","H371","Robecchetto Con Induno","1820","Milano","049","Lombardia","03",2065,2013,4078,0,0,684,16.77,14.39,"2025-05-25","12:00",1
30491820,"015183","H371","Robecchetto Con Induno","1820","Milano","049","Lombardia","03",2065,2013,4078,0,0,1693,41.52,41,"2025-05-25","19:00",2
30491820,"015183","H371","Robecchetto Con Induno","1820","Milano","049","Lombardia","03",2065,2013,4078,0,0,1959,48.04,45.98,"2025-05-25","23:00",3
30491820,"015183","H371","Robecchetto Con Induno","1820","Milano","049","Lombardia","03",2065,2013,4078,1185,1133,2318,56.84,55.12,"2025-05-26","15:00",4
30491880,"015189","H623","Rozzano","1880","Milano","049","Lombardia","03",16408,15179,31587,0,0,4205,13.31,17.32,"2025-05-25","12:00",1
30491880,"015189","H623","Rozzano","1880","Milano","049","Lombardia","03",16408,15179,31587,0,0,10150,32.13,29.37,"2025-05-25","19:00",2
30491880,"015189","H623","Rozzano","1880","Milano","049","Lombardia","03",16408,15179,31587,0,0,12580,39.83,48.28,"2025-05-25","23:00",3
30491880,"015189","H623","Rozzano","1880","Milano","049","Lombardia","03",16408,15179,31587,8306,7171,15477,49,55.79,"2025-05-26","15:00",4
31040230,"108023","D286","Desio","0230","Monza E Della Brianza","104","Lombardia","03",16905,16248,33153,0,0,3885,11.72,11.85,"2025-05-25","12:00",1
31040230,"108023","D286","Desio","0230","Monza E Della Brianza","104","Lombardia","03",16905,16248,33153,0,0,10259,30.94,33.77,"2025-05-25","19:00",2
31040230,"108023","D286","Desio","0230","Monza E Della Brianza","104","Lombardia","03",16905,16248,33153,0,0,12841,38.73,39.8,"2025-05-25","23:00",3
31040230,"108023","D286","Desio","0230","Monza E Della Brianza","104","Lombardia","03",16905,16248,33153,8064,7555,15619,47.11,49.92,"2025-05-26","15:00",4
30570230,"018025","B447","Calvignano","0230","Pavia","057","Lombardia","03",56,54,110,0,0,36,32.73,21.1,"2025-05-25","12:00",1
30570230,"018025","B447","Calvignano","0230","Pavia","057","Lombardia","03",56,54,110,0,0,59,53.64,49.54,"2025-05-25","19:00",2
30570230,"018025","B447","Calvignano","0230","Pavia","057","Lombardia","03",56,54,110,0,0,68,61.82,64.22,"2025-05-25","23:00",3
30570230,"018025","B447","Calvignano","0230","Pavia","057","Lombardia","03",56,54,110,41,37,78,70.91,64.22,"2025-05-26","15:00",4
30860040,"012004","A371","Arcisate","0040","Varese","086","Lombardia","03",4347,4210,8557,0,0,1078,12.6,16.92,"2025-05-25","12:00",1
30860040,"012004","A371","Arcisate","0040","Varese","086","Lombardia","03",4347,4210,8557,0,0,2831,33.08,29.61,"2025-05-25","19:00",2
30860040,"012004","A371","Arcisate","0040","Varese","086","Lombardia","03",4347,4210,8557,0,0,3407,39.82,49.84,"2025-05-25","23:00",3
30860040,"012004","A371","Arcisate","0040","Varese","086","Lombardia","03",4347,4210,8557,2146,1961,4107,48,55.15,"2025-05-26","15:00",4
30860350,"012042","C139","Castellanza","0350","Varese","086","Lombardia","03",6230,5792,12022,0,0,1432,11.91,11.34,"2025-05-25","12:00",1
30860350,"012042","C139","Castellanza","0350","Varese","086","Lombardia","03",6230,5792,12022,0,0,3764,31.31,32.14,"2025-05-25","19:00",2
30860350,"012042","C139","Castellanza","0350","Varese","086","Lombardia","03",6230,5792,12022,0,0,4576,38.06,38.13,"2025-05-25","23:00",3
30860350,"012042","C139","Castellanza","0350","Varese","086","Lombardia","03",6230,5792,12022,2952,2682,5634,46.86,47.46,"2025-05-26","15:00",4
30861010,"012119","I441","Saronno","1010","Varese","086","Lombardia","03",16323,14851,31174,0,0,3888,12.47,16.39,"2025-05-25","12:00",1
30861010,"012119","I441","Saronno","1010","Varese","086","Lombardia","03",16323,14851,31174,0,0,10113,32.44,39.59,"2025-05-25","19:00",2
30861010,"012119","I441","Saronno","1010","Varese","086","Lombardia","03",16323,14851,31174,0,0,12604,40.43,49.83,"2025-05-25","23:00",3
30861010,"012119","I441","Saronno","1010","Varese","086","Lombardia","03",16323,14851,31174,8190,7409,15599,50.04,62.5,"2025-05-26","15:00",4
110030340,"042034","G157","Osimo","0340","Ancona","003","Marche","11",16334,15732,32066,0,0,4185,13.05,19.9,"2025-05-25","12:00",1
110030340,"042034","G157","Osimo","0340","Ancona","003","Marche","11",16334,15732,32066,0,0,9974,31.1,32.56,"2025-05-25","19:00",2
110030340,"042034","G157","Osimo","0340","Ancona","003","Marche","11",16334,15732,32066,0,0,13288,41.44,50.96,"2025-05-25","23:00",3
110030340,"042034","G157","Osimo","0340","Ancona","003","Marche","11",16334,15732,32066,8516,8288,16804,52.4,60.57,"2025-05-26","15:00",4
111050370,"109037","I324","Sant'elpidio A Mare","0370","Fermo","105","Marche","11",7599,7456,15055,0,0,2133,14.17,15.18,"2025-05-25","12:00",1
111050370,"109037","I324","Sant'elpidio A Mare","0370","Fermo","105","Marche","11",7599,7456,15055,0,0,5194,34.5,37.51,"2025-05-25","19:00",2
111050370,"109037","I324","Sant'elpidio A Mare","0370","Fermo","105","Marche","11",7599,7456,15055,0,0,6655,44.2,53.15,"2025-05-25","23:00",3
111050370,"109037","I324","Sant'elpidio A Mare","0370","Fermo","105","Marche","11",7599,7456,15055,4098,4190,8288,55.05,53.15,"2025-05-26","15:00",4
140190290,"070029","E259","Guglionesi","0290","Campobasso","019","Molise","14",2588,2677,5265,0,0,644,12.23,12.51,"2025-05-25","12:00",1
140190290,"070029","E259","Guglionesi","0290","Campobasso","019","Molise","14",2588,2677,5265,0,0,1932,36.7,33.98,"2025-05-25","19:00",2
140190290,"070029","E259","Guglionesi","0290","Campobasso","019","Molise","14",2588,2677,5265,0,0,2389,45.38,44.25,"2025-05-25","23:00",3
140190290,"070029","E259","Guglionesi","0290","Campobasso","019","Molise","14",2588,2677,5265,1490,1530,3020,57.36,56.4,"2025-05-26","15:00",4
10020880,"006090","E870","Malvicino","0880","Alessandria","002","Piemonte","01",47,36,83,0,0,21,25.3,18.57,"2025-05-25","12:00",1
10020880,"006090","E870","Malvicino","0880","Alessandria","002","Piemonte","01",47,36,83,0,0,42,50.6,55.71,"2025-05-25","19:00",2
10020880,"006090","E870","Malvicino","0880","Alessandria","002","Piemonte","01",47,36,83,0,0,55,66.27,67.14,"2025-05-25","23:00",3
10020880,"006090","E870","Malvicino","0880","Alessandria","002","Piemonte","01",47,36,83,37,26,63,75.9,84.29,"2025-05-26","15:00",4
10271440,"004144","F743","Morozzo","1440","Cuneo","027","Piemonte","01",759,780,1539,0,0,284,18.45,16.81,"2025-05-25","12:00",1
10271440,"004144","F743","Morozzo","1440","Cuneo","027","Piemonte","01",759,780,1539,0,0,552,35.87,40.38,"2025-05-25","19:00",2
10271440,"004144","F743","Morozzo","1440","Cuneo","027","Piemonte","01",759,780,1539,0,0,708,46,51.67,"2025-05-25","23:00",3
10271440,"004144","F743","Morozzo","1440","Cuneo","027","Piemonte","01",759,780,1539,437,431,868,56.4,64.7,"2025-05-26","15:00",4
10272010,"004201","H710","Saliceto","2010","Cuneo","027","Piemonte","01",627,598,1225,0,0,258,21.06,26.04,"2025-05-25","12:00",1
10272010,"004201","H710","Saliceto","2010","Cuneo","027","Piemonte","01",627,598,1225,0,0,500,40.82,57.44,"2025-05-25","19:00",2
10272010,"004201","H710","Saliceto","2010","Cuneo","027","Piemonte","01",627,598,1225,0,0,624,50.94,68.84,"2025-05-25","23:00",3
10272010,"004201","H710","Saliceto","2010","Cuneo","027","Piemonte","01",627,598,1225,362,356,718,58.61,68.84,"2025-05-26","15:00",4
10272090,"004209","H852","Sanfront","2090","Cuneo","027","Piemonte","01",963,923,1886,0,0,294,15.59,27.46,"2025-05-25","12:00",1
10272090,"004209","H852","Sanfront","2090","Cuneo","027","Piemonte","01",963,923,1886,0,0,786,41.68,66.36,"2025-05-25","19:00",2
10272090,"004209","H852","Sanfront","2090","Cuneo","027","Piemonte","01",963,923,1886,0,0,1017,53.92,80.19,"2025-05-25","23:00",3
10272090,"004209","H852","Sanfront","2090","Cuneo","027","Piemonte","01",963,923,1886,661,637,1298,68.82,80.19,"2025-05-26","15:00",4
10521060,"003112","G134","Orta San Giulio","1060","Novara","052","Piemonte","01",461,376,837,0,0,162,19.35,19.13,"2025-05-25","12:00",1
10521060,"003112","G134","Orta San Giulio","1060","Novara","052","Piemonte","01",461,376,837,0,0,256,30.59,32.93,"2025-05-25","19:00",2
10521060,"003112","G134","Orta San Giulio","1060","Novara","052","Piemonte","01",461,376,837,0,0,321,38.35,47.94,"2025-05-25","23:00",3
10521060,"003112","G134","Orta San Giulio","1060","Novara","052","Piemonte","01",461,376,837,241,195,436,52.09,55.06,"2025-05-26","15:00",4
10810460,"001046","B350","Cafasse","0460","Torino","081","Piemonte","01",1480,1454,2934,0,0,477,16.26,25.18,"2025-05-25","12:00",1
10810460,"001046","B350","Cafasse","0460","Torino","081","Piemonte","01",1480,1454,2934,0,0,1079,36.78,58.91,"2025-05-25","19:00",2
10810460,"001046","B350","Cafasse","0460","Torino","081","Piemonte","01",1480,1454,2934,0,0,1323,45.09,72.06,"2025-05-25","23:00",3
10810460,"001046","B350","Cafasse","0460","Torino","081","Piemonte","01",1480,1454,2934,854,810,1664,56.71,72.06,"2025-05-26","15:00",4
10810600,"001061","B953","Cascinette D'ivrea","0600","Torino","081","Piemonte","01",669,601,1270,0,0,209,16.46,19.98,"2025-05-25","12:00",1
10810600,"001061","B953","Cascinette D'ivrea","0600","Torino","081","Piemonte","01",669,601,1270,0,0,476,37.48,44.75,"2025-05-25","19:00",2
10810600,"001061","B953","Cascinette D'ivrea","0600","Torino","081","Piemonte","01",669,601,1270,0,0,591,46.54,55.48,"2025-05-25","23:00",3
10810600,"001061","B953","Cascinette D'ivrea","0600","Torino","081","Piemonte","01",669,601,1270,381,326,707,55.67,69.98,"2025-05-26","15:00",4
10811720,"001176","G202","Ozegna","1720","Torino","081","Piemonte","01",510,492,1002,0,0,240,23.95,17.08,"2025-05-25","12:00",1
10811720,"001176","G202","Ozegna","1720","Torino","081","Piemonte","01",510,492,1002,0,0,496,49.5,41.81,"2025-05-25","19:00",2
10811720,"001176","G202","Ozegna","1720","Torino","081","Piemonte","01",510,492,1002,0,0,602,60.08,49.46,"2025-05-25","23:00",3
10811720,"001176","G202","Ozegna","1720","Torino","081","Piemonte","01",510,492,1002,390,371,761,75.95,66.44,"2025-05-26","15:00",4
10881301,"002035","B952","San Giacomo Vercellese","1301","Vercelli","088","Piemonte","01",132,116,248,0,0,55,22.18,17.62,"2025-05-25","12:00",1
10881301,"002035","B952","San Giacomo Vercellese","1301","Vercelli","088","Piemonte","01",132,116,248,0,0,118,47.58,29.52,"2025-05-25","19:00",2
10881301,"002035","B952","San Giacomo Vercellese","1301","Vercelli","088","Piemonte","01",132,116,248,0,0,133,53.63,55.95,"2025-05-25","23:00",3
10881301,"002035","B952","San Giacomo Vercellese","1301","Vercelli","088","Piemonte","01",132,116,248,80,73,153,61.69,59.91,"2025-05-26","15:00",4
160090450,"072046","L425","Triggiano","0450","Bari","009","Puglia","16",12830,12004,24834,0,0,3847,15.49,14.82,"2025-05-25","12:00",1
160090450,"072046","L425","Triggiano","0450","Bari","009","Puglia","16",12830,12004,24834,0,0,8356,33.65,33.21,"2025-05-25","19:00",2
160090450,"072046","L425","Triggiano","0450","Bari","009","Puglia","16",12830,12004,24834,0,0,11028,44.41,45.77,"2025-05-25","23:00",3
160090450,"072046","L425","Triggiano","0450","Bari","009","Puglia","16",12830,12004,24834,7296,6903,14199,57.18,60.91,"2025-05-26","15:00",4
161060070,"110007","H839","San Ferdinando Di Puglia","0070","Barletta-Andria-Trani","106","Puglia","16",5703,5642,11345,0,0,1762,15.53,21.42,"2025-05-25","12:00",1
161060070,"110007","H839","San Ferdinando Di Puglia","0070","Barletta-Andria-Trani","106","Puglia","16",5703,5642,11345,0,0,4677,41.23,42.71,"2025-05-25","19:00",2
161060070,"110007","H839","San Ferdinando Di Puglia","0070","Barletta-Andria-Trani","106","Puglia","16",5703,5642,11345,0,0,6554,57.77,69.15,"2025-05-25","23:00",3
161060070,"110007","H839","San Ferdinando Di Puglia","0070","Barletta-Andria-Trani","106","Puglia","16",5703,5642,11345,4193,4175,8368,73.76,69.15,"2025-05-26","15:00",4
160310091,"071010","B724","Carapelle","0091","Foggia","031","Puglia","16",2424,2268,4692,0,0,856,18.24,18.6,"2025-05-25","12:00",1
160310091,"071010","B724","Carapelle","0091","Foggia","031","Puglia","16",2424,2268,4692,0,0,1959,41.75,43.27,"2025-05-25","19:00",2
160310091,"071010","B724","Carapelle","0091","Foggia","031","Puglia","16",2424,2268,4692,0,0,2758,58.78,56.48,"2025-05-25","23:00",3
160310091,"071010","B724","Carapelle","0091","Foggia","031","Puglia","16",2424,2268,4692,1846,1761,3607,76.88,74.13,"2025-05-26","15:00",4
160310140,"071015","C198","Castelluccio Dei Sauri","0140","Foggia","031","Puglia","16",876,923,1799,0,0,310,17.23,27.07,"2025-05-25","12:00",1
160310140,"071015","C198","Castelluccio Dei Sauri","0140","Foggia","031","Puglia","16",876,923,1799,0,0,718,39.91,54.76,"2025-05-25","19:00",2
160310140,"071015","C198","Castelluccio Dei Sauri","0140","Foggia","031","Puglia","16",876,923,1799,0,0,1030,57.25,72.03,"2025-05-25","23:00",3
160310140,"071015","C198","Castelluccio Dei Sauri","0140","Foggia","031","Puglia","16",876,923,1799,621,640,1261,70.09,72.03,"2025-05-26","15:00",4
160310260,"071027","E549","Lesina","0260","Foggia","031","Puglia","16",2893,2839,5732,0,0,941,16.42,15.82,"2025-05-25","12:00",1
160310260,"071027","E549","Lesina","0260","Foggia","031","Puglia","16",2893,2839,5732,0,0,2240,39.08,37.64,"2025-05-25","19:00",2
160310260,"071027","E549","Lesina","0260","Foggia","031","Puglia","16",2893,2839,5732,0,0,2964,51.71,48.33,"2025-05-25","23:00",3
160310260,"071027","E549","Lesina","0260","Foggia","031","Puglia","16",2893,2839,5732,1945,1860,3805,66.38,65.83,"2025-05-26","15:00",4
160310340,"071036","G131","Orta Nova","0340","Foggia","031","Puglia","16",6886,6616,13502,0,0,1934,14.32,20.89,"2025-05-25","12:00",1
160310340,"071036","G131","Orta Nova","0340","Foggia","031","Puglia","16",6886,6616,13502,0,0,4648,34.42,54.25,"2025-05-25","19:00",2
160310340,"071036","G131","Orta Nova","0340","Foggia","031","Puglia","16",6886,6616,13502,0,0,6775,50.18,72.49,"2025-05-25","23:00",3
160310340,"071036","G131","Orta Nova","0340","Foggia","031","Puglia","16",6886,6616,13502,4461,4471,8932,66.15,72.49,"2025-05-26","15:00",4
160410230,"075024","D044","Corsano","0230","Lecce","041","Puglia","16",2438,2454,4892,0,0,671,13.72,22.01,"2025-05-25","12:00",1
160410230,"075024","D044","Corsano","0230","Lecce","041","Puglia","16",2438,2454,4892,0,0,2138,43.7,34.45,"2025-05-25","19:00",2
160410230,"075024","D044","Corsano","0230","Lecce","041","Puglia","16",2438,2454,4892,0,0,2832,57.89,54.47,"2025-05-25","23:00",3
160410230,"075024","D044","Corsano","0230","Lecce","041","Puglia","16",2438,2454,4892,1765,1681,3446,70.44,70.22,"2025-05-26","15:00",4
160410840,"075085","L074","Taviano","0840","Lecce","041","Puglia","16",5443,5013,10456,0,0,1875,17.93,14.55,"2025-05-25","12:00",1
160410840,"075085","L074","Taviano","0840","Lecce","041","Puglia","16",5443,5013,10456,0,0,4520,43.23,37.78,"2025-05-25","19:00",2
160410840,"075085","L074","Taviano","0840","Lecce","041","Puglia","16",5443,5013,10456,0,0,5888,56.31,50.88,"2025-05-25","23:00",3
160410840,"075085","L074","Taviano","0840","Lecce","041","Puglia","16",5443,5013,10456,3751,3466,7217,69.02,67.01,"2025-05-26","15:00",4
160780150,"073015","F027","Massafra","0150","Taranto","078","Puglia","16",13798,12944,26742,0,0,4470,16.72,14.9,"2025-05-25","12:00",1
160780150,"073015","F027","Massafra","0150","Taranto","078","Puglia","16",13798,12944,26742,0,0,11049,41.32,38.53,"2025-05-25","19:00",2
160780150,"073015","F027","Massafra","0150","Taranto","078","Puglia","16",13798,12944,26742,0,0,14986,56.04,52.7,"2025-05-25","23:00",3
160780150,"073015","F027","Massafra","0150","Taranto","078","Puglia","16",13798,12944,26742,9482,9286,18768,70.18,70.02,"2025-05-26","15:00",4
160780270,"073027","L049","Taranto","0270","Taranto","078","Puglia","16",84731,76153,160884,0,0,22254,13.83,16.24,"2025-05-25","12:00",1
160780270,"073027","L049","Taranto","0270","Taranto","078","Puglia","16",84731,76153,160884,0,0,51887,32.25,34.63,"2025-05-25","19:00",2
160780270,"073027","L049","Taranto","0270","Taranto","078","Puglia","16",84731,76153,160884,0,0,68483,42.57,52.21,"2025-05-25","23:00",3
160780270,"073027","L049","Taranto","0270","Taranto","078","Puglia","16",84731,76153,160884,46722,44334,91056,56.6,52.21,"2025-05-26","15:00",4
100580010,"054001","A475","Assisi","0010","Perugia","058","Umbria","10",11953,11268,23221,0,0,3097,13.34,13.14,"2025-05-25","12:00",1
100580010,"054001","A475","Assisi","0010","Perugia","058","Umbria","10",11953,11268,23221,0,0,8373,36.06,36.66,"2025-05-25","19:00",2
100580010,"054001","A475","Assisi","0010","Perugia","058","Umbria","10",11953,11268,23221,0,0,11424,49.2,48.53,"2025-05-25","23:00",3
100580010,"054001","A475","Assisi","0010","Perugia","058","Umbria","10",11953,11268,23221,7637,7307,14944,64.36,65.67,"2025-05-26","15:00",4
100580320,"054032","F629","Monte Santa Maria Tiberina","0320","Perugia","058","Umbria","10",454,487,941,0,0,141,14.98,14.77,"2025-05-25","12:00",1
100580320,"054032","F629","Monte Santa Maria Tiberina","0320","Perugia","058","Umbria","10",454,487,941,0,0,394,41.87,49.03,"2025-05-25","19:00",2
100580320,"054032","F629","Monte Santa Maria Tiberina","0320","Perugia","058","Umbria","10",454,487,941,0,0,519,55.15,60.51,"2025-05-25","23:00",3
100580320,"054032","F629","Monte Santa Maria Tiberina","0320","Perugia","058","Umbria","10",454,487,941,290,339,629,66.84,69.64,"2025-05-26","15:00",4
100800040,"055004","A262","Amelia","0040","Terni","080","Umbria","10",4933,4869,9802,0,0,1374,14.02,13.88,"2025-05-25","12:00",1
100800040,"055004","A262","Amelia","0040","Terni","080","Umbria","10",4933,4869,9802,0,0,3827,39.04,40.46,"2025-05-25","19:00",2
100800040,"055004","A262","Amelia","0040","Terni","080","Umbria","10",4933,4869,9802,0,0,5014,51.15,52.09,"2025-05-25","23:00",3
100800040,"055004","A262","Amelia","0040","Terni","080","Umbria","10",4933,4869,9802,3160,3107,6267,63.94,66.91,"2025-05-26","15:00",4
50100460,"025046","I063","San Nicolo' Di Comelico","0460","Belluno","010","Veneto","05",149,157,306,0,0,75,24.51,15.77,"2025-05-25","12:00",1
50100460,"025046","I063","San Nicolo' Di Comelico","0460","Belluno","010","Veneto","05",149,157,306,0,0,162,52.94,30.6,"2025-05-25","19:00",2
50100460,"025046","I063","San Nicolo' Di Comelico","0460","Belluno","010","Veneto","05",149,157,306,0,0,186,60.78,51.74,"2025-05-25","23:00",3
50100460,"025046","I063","San Nicolo' Di Comelico","0460","Belluno","010","Veneto","05",149,157,306,109,112,221,72.22,58.68,"2025-05-26","15:00",4
50100560,"025056","I866","Sospirolo","0560","Belluno","010","Veneto","05",1297,1246,2543,0,0,440,17.3,16.82,"2025-05-25","12:00",1
50100560,"025056","I866","Sospirolo","0560","Belluno","010","Veneto","05",1297,1246,2543,0,0,1083,42.59,42.64,"2025-05-25","19:00",2
50100560,"025056","I866","Sospirolo","0560","Belluno","010","Veneto","05",1297,1246,2543,0,0,1257,49.43,48.2,"2025-05-25","23:00",3
50100560,"025056","I866","Sospirolo","0560","Belluno","010","Veneto","05",1297,1246,2543,740,696,1436,56.47,56.81,"2025-05-26","15:00",4
50540590,"028059","G167","Ospedaletto Euganeo","0590","Padova","054","Veneto","05",2424,2394,4818,0,0,779,16.17,15.7,"2025-05-25","12:00",1
50540590,"028059","G167","Ospedaletto Euganeo","0590","Padova","054","Veneto","05",2424,2394,4818,0,0,1976,41.01,40.72,"2025-05-25","19:00",2
50540590,"028059","G167","Ospedaletto Euganeo","0590","Padova","054","Veneto","05",2424,2394,4818,0,0,2577,53.49,50.68,"2025-05-25","23:00",3
50540590,"028059","G167","Ospedaletto Euganeo","0590","Padova","054","Veneto","05",2424,2394,4818,1528,1546,3074,63.8,63.1,"2025-05-26","15:00",4
50710391,"029052","G926","Porto Viro","0391","Rovigo","071","Veneto","05",6328,6118,12446,0,0,2052,16.49,22.1,"2025-05-25","12:00",1
50710391,"029052","G926","Porto Viro","0391","Rovigo","071","Veneto","05",6328,6118,12446,0,0,4727,37.98,43.27,"2025-05-25","19:00",2
50710391,"029052","G926","Porto Viro","0391","Rovigo","071","Veneto","05",6328,6118,12446,0,0,5730,46.04,60.04,"2025-05-25","23:00",3
50710391,"029052","G926","Porto Viro","0391","Rovigo","071","Veneto","05",6328,6118,12446,3553,3410,6963,55.95,60.04,"2025-05-26","15:00",4
50840040,"026004","B061","Borso Del Grappa","0040","Treviso","084","Veneto","05",2679,2728,5407,0,0,692,12.8,15.88,"2025-05-25","12:00",1
50840040,"026004","B061","Borso Del Grappa","0040","Treviso","084","Veneto","05",2679,2728,5407,0,0,1648,30.48,34.76,"2025-05-25","19:00",2
50840040,"026004","B061","Borso Del Grappa","0040","Treviso","084","Veneto","05",2679,2728,5407,0,0,2104,38.91,51.22,"2025-05-25","23:00",3
50840040,"026004","B061","Borso Del Grappa","0040","Treviso","084","Veneto","05",2679,2728,5407,1316,1305,2621,48.47,51.22,"2025-05-26","15:00",4
50870130,"027013","D415","Eraclea","0130","Venezia","087","Veneto","05",5279,5206,10485,0,0,1494,14.25,17.57,"2025-05-25","12:00",1
50870130,"027013","D415","Eraclea","0130","Venezia","087","Veneto","05",5279,5206,10485,0,0,3818,36.41,41.89,"2025-05-25","19:00",2
50870130,"027013","D415","Eraclea","0130","Venezia","087","Veneto","05",5279,5206,10485,0,0,4611,43.98,53.24,"2025-05-25","23:00",3
50870130,"027013","D415","Eraclea","0130","Venezia","087","Veneto","05",5279,5206,10485,2752,2769,5521,52.66,67.62,"2025-05-26","15:00",4
50870350,"027035","I242","Santa Maria Di Sala","0350","Venezia","087","Veneto","05",7483,7461,14944,0,0,1989,13.31,15.61,"2025-05-25","12:00",1
50870350,"027035","I242","Santa Maria Di Sala","0350","Venezia","087","Veneto","05",7483,7461,14944,0,0,5142,34.41,35.88,"2025-05-25","19:00",2
50870350,"027035","I242","Santa Maria Di Sala","0350","Venezia","087","Veneto","05",7483,7461,14944,0,0,6622,44.31,50.61,"2025-05-25","23:00",3
50870350,"027035","I242","Santa Maria Di Sala","0350","Venezia","087","Veneto","05",7483,7461,14944,4004,4001,8005,53.57,50.61,"2025-05-26","15:00",4
50890080,"023008","A837","Bevilacqua","0080","Verona","089","Veneto","05",725,777,1502,0,0,216,14.38,15.33,"2025-05-25","12:00",1
50890080,"023008","A837","Bevilacqua","0080","Verona","089","Veneto","05",725,777,1502,0,0,529,35.22,40.44,"2025-05-25","19:00",2
50890080,"023008","A837","Bevilacqua","0080","Verona","089","Veneto","05",725,777,1502,0,0,665,44.27,50.14,"2025-05-25","23:00",3
50890080,"023008","A837","Bevilacqua","0080","Verona","089","Veneto","05",725,777,1502,415,422,837,55.73,60.9,"2025-05-26","15:00",4
50890200,"023020","C041","Castagnaro","0200","Verona","089","Veneto","05",1609,1541,3150,0,0,487,15.46,13.66,"2025-05-25","12:00",1
50890200,"023020","C041","Castagnaro","0200","Verona","089","Veneto","05",1609,1541,3150,0,0,1191,37.81,37.06,"2025-05-25","19:00",2
50890200,"023020","C041","Castagnaro","0200","Verona","089","Veneto","05",1609,1541,3150,0,0,1491,47.33,45.95,"2025-05-25","23:00",3
50890200,"023020","C041","Castagnaro","0200","Verona","089","Veneto","05",1609,1541,3150,931,935,1866,59.24,61.09,"2025-05-26","15:00",4
